{"cameraMode":{"drawMode":0,"name":"Shaded","section":"Shading Mode"},"sceneLighting":false,"audioPlay":false,"sceneViewState":{"showFog":true,"showMaterialUpdate":true,"showSkybox":false,"showFlares":true,"showImageEffects":true,"showParticleSystems":true},"in2DMode":false,"pivot":{"x":1.475214958190918,"y":-2.3570284843444826,"z":-4.038791656494141},"rotation":{"x":0.21546022593975068,"y":0.07642573863267899,"z":-0.01672549918293953,"w":0.9734612107276917},"size":7.052715301513672,"orthographic":false}