{"cameraMode":{"drawMode":0,"name":"Shaded","section":"Shading Mode"},"sceneLighting":false,"audioPlay":false,"sceneViewState":{"showFog":true,"showMaterialUpdate":true,"showSkybox":false,"showFlares":true,"showImageEffects":true,"showParticleSystems":true},"in2DMode":false,"pivot":{"x":-0.6858000755310059,"y":0.9160256385803223,"z":0.25679969787597659},"rotation":{"x":0.1822991669178009,"y":0.0018056596163660288,"z":-0.00017629389185458422,"w":0.9833332300186157},"size":2.9723010063171388,"orthographic":false}