{"cameraMode":{"drawMode":0,"name":"Shaded","section":"Shading Mode"},"sceneLighting":false,"audioPlay":false,"sceneViewState":{"showFog":true,"showMaterialUpdate":true,"showSkybox":false,"showFlares":true,"showImageEffects":true,"showParticleSystems":true},"in2DMode":false,"pivot":{"x":-156.9891357421875,"y":-3.67745304107666,"z":-28.64422607421875},"rotation":{"x":0.21460482478141786,"y":0.01938619278371334,"z":-0.004070445895195007,"w":0.9765868186950684},"size":26.85267448425293,"orthographic":false}