{"cameraMode":{"drawMode":0,"name":"Shaded","section":"Shading Mode"},"sceneLighting":false,"audioPlay":false,"sceneViewState":{"showFog":false,"showMaterialUpdate":false,"showSkybox":false,"showFlares":false,"showImageEffects":false,"showParticleSystems":false},"in2DMode":false,"pivot":{"x":0.1447514295578003,"y":1.5757222175598145,"z":4.892321586608887},"rotation":{"x":0.07368091493844986,"y":0.042189572006464007,"z":-0.0030772907193750145,"w":0.9964454770088196},"size":8.428190231323243,"orthographic":false}