{"cameraMode":{"drawMode":0,"name":"Shaded","section":"Shading Mode"},"sceneLighting":false,"audioPlay":false,"sceneViewState":{"showFog":false,"showMaterialUpdate":false,"showSkybox":false,"showFlares":false,"showImageEffects":false,"showParticleSystems":false},"in2DMode":false,"pivot":{"x":-5.405180931091309,"y":0.9283730983734131,"z":3.467768907546997},"rotation":{"x":0.0837746262550354,"y":-0.4355056583881378,"z":0.040791578590869907,"w":0.895419180393219},"size":8.428190231323243,"orthographic":false}