{"cameraMode":{"drawMode":0,"name":"Shaded","section":"Shading Mode"},"sceneLighting":false,"audioPlay":false,"sceneViewState":{"showFog":false,"showMaterialUpdate":false,"showSkybox":false,"showFlares":false,"showImageEffects":false,"showParticleSystems":false},"in2DMode":false,"pivot":{"x":5.813199996948242,"y":0.73580002784729,"z":7.416025638580322},"rotation":{"x":-0.10424108803272248,"y":0.4916676878929138,"z":-0.059494294226169589,"w":-0.8625338673591614},"size":15.093057632446289,"orthographic":false}