{"cameraMode":{"drawMode":0,"name":"Shaded","section":"Shading Mode"},"sceneLighting":false,"audioPlay":false,"sceneViewState":{"showFog":true,"showMaterialUpdate":true,"showSkybox":false,"showFlares":true,"showImageEffects":true,"showParticleSystems":true},"in2DMode":false,"pivot":{"x":-0.1771814227104187,"y":0.0076904296875,"z":-0.3982429504394531},"rotation":{"x":0.21460482478141786,"y":0.01938619278371334,"z":-0.004070445895195007,"w":0.9765868186950684},"size":9.4688720703125,"orthographic":false}