{"cameraMode":{"drawMode":0,"name":"Shaded","section":"Shading Mode"},"sceneLighting":true,"audioPlay":false,"sceneViewState":{"showFog":true,"showMaterialUpdate":true,"showSkybox":true,"showFlares":true,"showImageEffects":true,"showParticleSystems":true},"in2DMode":false,"pivot":{"x":20.041486740112306,"y":-20.105297088623048,"z":31.114349365234376},"rotation":{"x":0.36795881390571597,"y":0.011518219485878945,"z":-0.004340945277363062,"w":0.9298481941223145},"size":32.03491973876953,"orthographic":false}