{"cameraMode":{"drawMode":0,"name":"Shaded","section":"Shading Mode"},"sceneLighting":false,"audioPlay":false,"sceneViewState":{"showFog":true,"showMaterialUpdate":true,"showSkybox":false,"showFlares":true,"showImageEffects":true,"showParticleSystems":true},"in2DMode":false,"pivot":{"x":-0.3433821201324463,"y":-3.262214183807373,"z":-4.177576065063477},"rotation":{"x":0.21546022593975068,"y":0.07642573863267899,"z":-0.01672549918293953,"w":0.9734612107276917},"size":11.703595161437989,"orthographic":false}