{"cameraMode":{"drawMode":0,"name":"Shaded","section":"Shading Mode"},"sceneLighting":false,"audioPlay":false,"sceneViewState":{"showFog":false,"showMaterialUpdate":false,"showSkybox":false,"showFlares":false,"showImageEffects":false,"showParticleSystems":false},"in2DMode":false,"pivot":{"x":-4.720610618591309,"y":1.6773790121078492,"z":-3.1752073764801027},"rotation":{"x":0.12173447757959366,"y":0.6945208311080933,"z":-0.12100951373577118,"w":0.698701024055481},"size":2.3812448978424074,"orthographic":false}